{
  "dataset_info": {
    "n_train": 1000,
    "n_test": 1000,
    "n_features": 4,
    "n_qubits": 4,
    "class_distribution_train": {
      "0": 493,
      "1": 507
    }
  },
  "methods": {
    "ARC_QNN": {
      "method": "ARC_QNN",
      "training_time": 313.76887226104736,
      "train_metrics": {
        "accuracy": 0.601,
        "balanced_accuracy": 0.5970150149429287,
        "f1_score": 0.5653198410328272,
        "precision": 0.6431077620032818,
        "recall": 0.601,
        "acc_class_0": 0.31237322515212984,
        "acc_class_1": 0.8816568047337278,
        "log_loss": 0.6716803432996264,
        "auc_roc": 0.7610211601473887,
        "confusion_matrix": [
          [
            154,
            339
          ],
          [
            60,
            447
          ]
        ]
      },
      "test_metrics": {
        "accuracy": 0.575,
        "balanced_accuracy": 0.5786834219507023,
        "f1_score": 0.5438196208454772,
        "precision": 0.6093377114625378,
        "recall": 0.575,
        "acc_class_0": 0.3155818540433925,
        "acc_class_1": 0.8417849898580122,
        "log_loss": 0.6932007520049975,
        "auc_roc": 0.7193249876975887,
        "confusion_matrix": [
          [
            160,
            347
          ],
          [
            78,
            415
          ]
        ]
      },
      "cost_history": [
        0.6768713308001217,
        0.6660869550115948,
        0.6289938073025411,
        0.6259044129498524,
        0.62983553828006
      ],
      "n_gates": 5,
      "circuit_depth": 5,
      "n_parameters": 5,
      "total_measurements": 146360
    },
    "Fixed_QNN_COBYLA": {
      "method": "Fixed_QNN_COBYLA",
      "training_time": 137.63671565055847,
      "train_metrics": {
        "accuracy": 0.528,
        "balanced_accuracy": 0.5329484578977479,
        "f1_score": 0.4612120997314503,
        "precision": 0.5664257243342824,
        "recall": 0.528,
        "acc_class_0": 0.8864097363083164,
        "acc_class_1": 0.1794871794871795,
        "log_loss": 0.686679900012599,
        "auc_roc": 0.6856183812027157,
        "confusion_matrix": [
          [
            437,
            56
          ],
          [
            416,
            91
          ]
        ]
      },
      "test_metrics": {
        "accuracy": 0.511,
        "balanced_accuracy": 0.5058491464327008,
        "f1_score": 0.43396916363636356,
        "precision": 0.5127266094120934,
        "recall": 0.511,
        "acc_class_0": 0.873767258382643,
        "acc_class_1": 0.13793103448275862,
        "log_loss": 0.6982802134337692,
        "auc_roc": 0.6374169337190089,
        "confusion_matrix": [
          [
            443,
            64
          ],
          [
            425,
            68
          ]
        ]
      },
      "cost_history": [
        1.098491713331156,
        1.1838307235762586,
        1.2977775571244041,
        1.039794286563506,
        1.0598014687326804,
        1.0323113743647137,
        1.1168884883304309,
        1.0446560254987454,
        1.044774970983862,
        1.0799833451517562,
        1.0284143370037786,
        1.0499296328222294,
        1.024618793060135,
        1.01113921014418,
        1.090815966805455,
        1.1724152666617902,
        1.1789924457823422,
        0.9790092341512826,
        1.011902566493213,
        1.0196320777930903,
        0.994688359981316,
        0.9790092341512827,
        0.9790092341512825,
        0.9790092341512825,
        0.9790092341512825,
        0.8859588684727355,
        0.8860174820476746,
        0.9187732367325877,
        0.8978330707475163,
        0.8914859293490827,
        0.9179897177554094,
        0.9097799582829921,
        0.898083338766474,
        0.915713329474892,
        0.8726686793430704,
        0.9691284015051506,
        0.8676661163712497,
        0.8650316222006083,
        0.8928665669038708,
        0.8659666601269712,
        0.9487497855673587,
        0.8636175552716383,
        0.8687234593640055,
        0.8620332842299561,
        0.9206660718689761,
        0.8800510349077401,
        0.8382298667881249,
        0.8567197705035476,
        0.8591666437517661,
        0.8384011658495936,
        0.822559396321193,
        0.80216657069847,
        0.7944476741661194,
        0.7991213826608415,
        0.7976171257949916,
        0.785302148676045,
        0.8073760534301861,
        0.7872342421079034,
        0.7619963205366942,
        0.7590857035421402,
        0.7308266375847414,
        0.7472078080127765,
        0.7470681490981506,
        0.7343203934750571,
        0.7365331254817524,
        0.7407107414449327,
        0.7481844643366808,
        0.7479535879385244,
        0.7413894896071644,
        0.7625688148376926,
        0.7378157410292313,
        0.7074997722916361,
        0.7183711803790227,
        0.6980125686496119,
        0.7173333580553365,
        0.693164484495989,
        0.6931807163337702,
        0.6964762139416958,
        0.6932302067525975,
        0.6958099789823747,
        0.6919468437636717,
        0.70181065630434,
        0.6989741903501798,
        0.7059845207120403,
        0.6995050700176021,
        0.7040776073205264,
        0.6947888942771203,
        0.6926207948180231,
        0.6918560525691685,
        0.7098970790288255,
        0.6927658523046589,
        0.700011835615181,
        0.7058812110071588,
        0.7168968546519585,
        0.7006197180733262,
        0.6917425312346323,
        0.7443716192806437,
        0.7013873528888434,
        0.686679900012599,
        0.7053838815685385
      ],
      "n_gates": 20,
      "circuit_depth": 20,
      "n_parameters": 24,
      "total_measurements": 102000
    }
  }
}