{
  "dataset_info": {
    "n_train": 1000,
    "n_test": 1000,
    "n_features": 4,
    "n_qubits": 4,
    "class_distribution_train": {
      "0": 493,
      "1": 507
    }
  },
  "methods": {
    "ARC_QNN": {
      "method": "ARC_QNN",
      "training_time": 12.92693567276001,
      "train_metrics": {
        "accuracy": 0.601,
        "balanced_accuracy": 0.5970150149429287,
        "f1_score": 0.5653198410328272,
        "precision": 0.6431077620032818,
        "recall": 0.601,
        "acc_class_0": 0.31237322515212984,
        "acc_class_1": 0.8816568047337278,
        "log_loss": 0.6716803432996264,
        "auc_roc": 0.7610211601473887,
        "confusion_matrix": [
          [
            154,
            339
          ],
          [
            60,
            447
          ]
        ]
      },
      "test_metrics": {
        "accuracy": 0.575,
        "balanced_accuracy": 0.5786834219507023,
        "f1_score": 0.5438196208454772,
        "precision": 0.6093377114625378,
        "recall": 0.575,
        "acc_class_0": 0.3155818540433925,
        "acc_class_1": 0.8417849898580122,
        "log_loss": 0.6932007520049975,
        "auc_roc": 0.7193249876975887,
        "confusion_matrix": [
          [
            160,
            347
          ],
          [
            78,
            415
          ]
        ]
      },
      "cost_history": [
        0.6768713308001217,
        0.6660869550115948,
        0.6289938073025411,
        0.6259044129498524,
        0.62983553828006
      ],
      "n_gates": 5,
      "circuit_depth": 5,
      "n_parameters": 5,
      "total_measurements": 30872
    },
    "Fixed_QNN_COBYLA": {
      "method": "Fixed_QNN_COBYLA",
      "training_time": 24.115880727767944,
      "train_metrics": {
        "accuracy": 0.493,
        "balanced_accuracy": 0.5,
        "f1_score": 0.32558472873409244,
        "precision": 0.24304900000000002,
        "recall": 0.493,
        "acc_class_0": 1.0,
        "acc_class_1": 0.0,
        "log_loss": 1.1838307235762586,
        "auc_roc": 0.5000900176434582,
        "confusion_matrix": [
          [
            493,
            0
          ],
          [
            507,
            0
          ]
        ]
      },
      "test_metrics": {
        "accuracy": 0.507,
        "balanced_accuracy": 0.5,
        "f1_score": 0.3411400132714001,
        "precision": 0.25704899999999997,
        "recall": 0.507,
        "acc_class_0": 1.0,
        "acc_class_1": 0.0,
        "log_loss": 1.2083894373722857,
        "auc_roc": 0.47421294573736444,
        "confusion_matrix": [
          [
            507,
            0
          ],
          [
            493,
            0
          ]
        ]
      },
      "cost_history": [
        1.0887860271130179,
        1.0021713207900425,
        1.459009679311669,
        1.0751520953448455,
        1.1820564825197175,
        1.1185941633110084,
        1.2316857951521372,
        1.3212055235887927,
        1.106120862244879,
        1.1083265303336836,
        1.198407451789423,
        1.0640918505045223,
        1.235496493981708,
        1.1475481247475379,
        1.156277108539384,
        1.2245834763879626,
        1.3585075967162366,
        1.128869615933686,
        1.2867039491952128,
        1.2049927821799067,
        1.1225097818773802,
        1.2513683918456229,
        1.2161675790431081,
        1.159900893591147,
        1.1999544638185675,
        1.1276537829028548,
        1.2510718742889622,
        1.115048908508876,
        1.3053098243739247,
        1.1667773453065904,
        1.2332041519080499,
        1.1284788151286804,
        1.3232210665304032,
        1.1468649879547574,
        1.3111137803590172,
        1.1581705400014384,
        1.217735012924697,
        1.214732758875083,
        1.135299560771017,
        1.1970105726367486,
        1.2696435018328962,
        1.206855106274412,
        1.0803728922765423,
        1.113034337599776,
        1.1754685312534272,
        1.1595420106365857,
        1.2175874810898515,
        1.17782766895905,
        1.1923304783245527,
        1.2410228633858724,
        1.2477360492103944,
        1.2249675962770599,
        1.1980032777338574,
        1.1907559447169098,
        1.2741215662795276,
        1.2930923647830934,
        1.2157850429020993,
        1.2411427471568637,
        1.2357563202704787,
        1.0658446777745239,
        1.249720197728131,
        1.140221764539153,
        1.2009435215823032,
        1.2506207257373176,
        1.1943813682278077,
        1.151457631421346,
        1.2513086154684085,
        1.2817407006705803,
        1.2335658737843622,
        1.2637707217114897,
        1.1234306856090617,
        1.1924623811149493,
        1.2873826313649248,
        1.220461906128525,
        1.2759512410755838,
        1.242427618562712,
        1.2270898545370412,
        1.1811188716996086,
        1.2776268426743975,
        1.246181349312037,
        1.2168322643677312,
        1.311081237346845,
        1.3278551985422182,
        1.2188770937453315,
        1.1306698351495585,
        1.0860672915880902,
        1.1789886225442057,
        1.1174850623210262,
        1.206140964906223,
        1.3247824895216809,
        1.1655384406539724,
        1.1505849215639257,
        1.0570592045576126,
        1.2275836414322463,
        1.1272788135828353,
        1.3486367533395827,
        1.2128304672963415,
        1.058302003985097,
        1.1190126481134641,
        1.2875619886481064
      ],
      "n_gates": 20,
      "circuit_depth": 20,
      "n_parameters": 24,
      "total_measurements": 22000
    }
  }
}