{
  "dataset_info": {
    "n_train": 1000,
    "n_test": 1000,
    "n_features": 10,
    "n_qubits": 10,
    "class_distribution_train": {
      "0": 539,
      "1": 461
    }
  },
  "methods": {
    "ARC_QNN": {
      "method": "ARC_QNN",
      "training_time": 17.6405348777771,
      "train_metrics": {
        "accuracy": 0.737,
        "balanced_accuracy": 0.7273069353949428,
        "f1_score": 0.7319308195802693,
        "precision": 0.7433430533075758,
        "recall": 0.737,
        "acc_class_0": 0.8515769944341373,
        "acc_class_1": 0.6030368763557483,
        "log_loss": 0.5265968310923718,
        "auc_roc": 0.8154813887692722,
        "confusion_matrix": [
          [
            459,
            80
          ],
          [
            183,
            278
          ]
        ]
      },
      "test_metrics": {
        "accuracy": 0.78,
        "balanced_accuracy": 0.7756612993093386,
        "f1_score": 0.7775563014952701,
        "precision": 0.7865002452305796,
        "recall": 0.78,
        "acc_class_0": 0.869980879541109,
        "acc_class_1": 0.6813417190775681,
        "log_loss": 0.4821977499737707,
        "auc_roc": 0.8685578684496393,
        "confusion_matrix": [
          [
            455,
            68
          ],
          [
            152,
            325
          ]
        ]
      },
      "cost_history": [
        0.4643430691372633
      ],
      "n_gates": 1,
      "circuit_depth": 1,
      "n_parameters": 1,
      "total_measurements": 38180
    },
    "Fixed_QNN_COBYLA": {
      "method": "Fixed_QNN_COBYLA",
      "training_time": 83.0798454284668,
      "train_metrics": {
        "accuracy": 0.539,
        "balanced_accuracy": 0.5,
        "f1_score": 0.377545159194282,
        "precision": 0.29052100000000003,
        "recall": 0.539,
        "acc_class_0": 1.0,
        "acc_class_1": 0.0,
        "log_loss": 3.30710144053442,
        "auc_roc": 0.34299880472796496,
        "confusion_matrix": [
          [
            539,
            0
          ],
          [
            461,
            0
          ]
        ]
      },
      "test_metrics": {
        "accuracy": 0.523,
        "balanced_accuracy": 0.5,
        "f1_score": 0.3591976362442547,
        "precision": 0.273529,
        "recall": 0.523,
        "acc_class_0": 1.0,
        "acc_class_1": 0.0,
        "log_loss": 3.388162207709367,
        "auc_roc": 0.43127658124591634,
        "confusion_matrix": [
          [
            523,
            0
          ],
          [
            477,
            0
          ]
        ]
      },
      "cost_history": [
        3.531809242471445,
        3.2351148556619425,
        2.937397715551673,
        3.3465810315783915,
        3.9882368289294585,
        3.4565177167155277,
        3.0398240132405063,
        3.1631349595113436,
        3.2776086142948326,
        3.8536806551990357,
        3.155222873742292,
        3.5161779050043305,
        3.7259880734782507,
        3.5929603631962026,
        3.7377460699848775,
        3.827069880909777,
        3.3079130182074836,
        3.496756503475426,
        3.7393961621501877,
        3.66782457495991,
        2.8687311813884384,
        3.59942638842825,
        3.154251305380918,
        3.3589015925089423,
        3.5326843640669376,
        3.124970875112914,
        3.0960948922699094,
        3.520437878853857,
        3.0889266697153612,
        3.4917319560959554,
        3.3476232074745202,
        3.0353038556054606,
        3.203823090771678,
        3.0180785873259914,
        3.058910524861255,
        3.1210314637963306,
        3.5681270571046007,
        3.001631163331989,
        2.9502752081706216,
        3.803511907627095,
        3.343187189098527,
        3.2350677614464076,
        3.7060969383973275,
        3.2601956501234053,
        3.203518280371658,
        3.2444084676334355,
        2.942917518414464,
        3.1723740757716627,
        3.2670956268449642,
        3.4819527014923053,
        3.0397947206946925,
        2.951994479505229,
        3.3678483236432273,
        3.0082153858340566,
        3.1024738993934036,
        3.465979804722392,
        3.600541206740976,
        3.4508054243223807,
        3.353860800245536,
        3.2444866504658303,
        3.3440542996576816,
        3.5189032556236928,
        3.350939623871112,
        3.2756815475557044,
        3.5503185373446104,
        2.8494875022269697,
        3.547075607157625,
        3.1783429355138217,
        3.4069170365324215,
        3.531418248046643,
        3.0107196990911933,
        3.3959505983961535,
        3.6597690039060935,
        2.7508299077097274,
        3.3751197111281352,
        3.622022648587483,
        3.2726901977142933,
        3.4590080043126523,
        3.2250667915284827,
        2.9611697640341528,
        2.8973020484579433,
        3.2885821822979096,
        3.4187035066212887,
        3.48436097162013,
        3.342619692153245,
        3.382495365802332,
        3.6274193129907077,
        3.3750880532409275,
        3.396804926661642,
        3.1072498921350524,
        3.08204197986105,
        3.196723845269547,
        2.959824746348032,
        3.3713654205868107,
        3.4603193721311936,
        3.439752383093903,
        3.1519681073612107,
        3.735027899309555,
        2.9560170954856995,
        3.34074592597565
      ],
      "n_gates": 38,
      "circuit_depth": 38,
      "n_parameters": 60,
      "total_measurements": 22000
    }
  }
}