{
  "dataset_info": {
    "n_train": 11552,
    "n_test": 1902,
    "n_features": 11,
    "n_qubits": 11,
    "class_distribution_train": {
      "0": 6131,
      "1": 5421
    }
  },
  "methods": {
    "ARC_QNN": {
      "method": "ARC_QNN",
      "training_time": 29.46178126335144,
      "train_metrics": {
        "accuracy": 0.7709487534626038,
        "balanced_accuracy": 0.7634152041251707,
        "f1_score": 0.7666305324209644,
        "precision": 0.7813579182148342,
        "recall": 0.7709487534626038,
        "acc_class_0": 0.8859892350350677,
        "acc_class_1": 0.6408411732152739,
        "log_loss": 0.5229274139138244,
        "auc_roc": 0.8528860637322295,
        "confusion_matrix": [
          [
            5432,
            699
          ],
          [
            1947,
            3474
          ]
        ]
      },
      "test_metrics": {
        "accuracy": 0.7549947423764458,
        "balanced_accuracy": 0.7487435066376593,
        "f1_score": 0.7518546468957094,
        "precision": 0.7600795076372826,
        "recall": 0.7549947423764458,
        "acc_class_0": 0.8495049504950495,
        "acc_class_1": 0.647982062780269,
        "log_loss": 0.5137324732434729,
        "auc_roc": 0.8522621320428007,
        "confusion_matrix": [
          [
            858,
            152
          ],
          [
            314,
            578
          ]
        ]
      },
      "cost_history": [
        0.6615105073795915,
        0.48781990836981687
      ],
      "n_gates": 2,
      "circuit_depth": 2,
      "n_parameters": 2,
      "total_measurements": 73052
    },
    "Fixed_QNN_COBYLA": {
      "method": "Fixed_QNN_COBYLA",
      "training_time": 98.03090214729309,
      "train_metrics": {
        "accuracy": 0.5307306094182825,
        "balanced_accuracy": 0.5,
        "f1_score": 0.368026846840863,
        "precision": 0.2816749797735016,
        "recall": 0.5307306094182825,
        "acc_class_0": 1.0,
        "acc_class_1": 0.0,
        "log_loss": 2.882088315651483,
        "auc_roc": 0.6555196779554888,
        "confusion_matrix": [
          [
            6131,
            0
          ],
          [
            5421,
            0
          ]
        ]
      },
      "test_metrics": {
        "accuracy": 0.5310199789695058,
        "balanced_accuracy": 0.5,
        "f1_score": 0.36835863925769285,
        "precision": 0.28198221806477436,
        "recall": 0.5310199789695058,
        "acc_class_0": 1.0,
        "acc_class_1": 0.0,
        "log_loss": 2.86938881336125,
        "auc_roc": 0.614310926608356,
        "confusion_matrix": [
          [
            1010,
            0
          ],
          [
            892,
            0
          ]
        ]
      },
      "cost_history": [
        3.0079175665036133,
        3.816668843780466,
        2.864834138514969,
        3.156367159886531,
        2.779879150196614,
        3.2139802370826818,
        2.9397640272331453,
        3.3441939633338107,
        3.2966829741114276,
        2.7941230650193476,
        3.3690787670771596,
        3.75146380486127,
        3.040249701353029,
        3.3132703533128565,
        3.6315156086085043,
        2.957921334402371,
        3.230783010314626,
        3.0421663933592735,
        2.866140163015009,
        3.156967313806507,
        3.2794224687780917,
        3.409483801550465,
        2.938212791500539,
        3.1294891079548246,
        3.2938491081341046,
        3.4128011076167724,
        3.236232064726012,
        3.2638615927086265,
        3.0623926617856143,
        2.976914024528729,
        3.2187058815814296,
        3.346348486123144,
        3.197283084153338,
        2.853069552322554,
        3.331923578301421,
        3.57422686687745,
        3.060191897776239,
        3.0662687617552695,
        3.562026055965821,
        3.2347010893921975,
        3.1803927581215716,
        2.965611410029892,
        2.7649295918735572,
        2.7986288531365733,
        2.880037720740086,
        3.094272158306589,
        3.341913458212143,
        3.3893137260725545,
        3.059664736754039,
        3.312505328615547,
        3.584222330783382,
        3.02009091189669,
        2.8517693802106816,
        3.3245935274842626,
        3.2772944099955374,
        2.839504855096679,
        3.4427341149967936,
        3.186680003452119,
        3.4031376245109617,
        3.3362573120205887,
        2.7974590321296087,
        2.863452857679098,
        2.6870487084264796,
        3.0931890992527813,
        3.0406810867010083,
        2.9181750907038544,
        3.2046645506656084,
        2.5630080990337176,
        2.661933710929595,
        2.181285571760083,
        2.8263614134114876,
        3.4306340370910777,
        2.808377054345691,
        2.5592334126114613,
        3.2260415705827863,
        3.1579680253051676,
        3.0715965104176894,
        3.077947851085987,
        2.817345250272764,
        2.6562896096130935,
        2.82300537079673,
        2.8844688834823047,
        3.2074734613700557,
        2.6781009358200687,
        3.1809719096176177,
        2.4985745054626363,
        2.861345285572108,
        2.9362499734151313,
        2.619889179846492,
        2.992331751827095,
        3.101861215517457,
        3.4887835351056697,
        2.911860308092686,
        3.17064026591416,
        3.197097979155319,
        2.6213173006407224,
        2.6528969513274117,
        3.210183424405478,
        2.938564090150054,
        3.067141565594663
      ],
      "n_gates": 41,
      "circuit_depth": 41,
      "n_parameters": 66,
      "total_measurements": 33454
    }
  }
}