{
  "dataset_info": {
    "n_train": 1000,
    "n_test": 1000,
    "n_features": 10,
    "n_qubits": 10,
    "class_distribution_train": {
      "0": 462,
      "1": 538
    }
  },
  "methods": {
    "ARC_QNN": {
      "method": "ARC_QNN",
      "training_time": 48.56999731063843,
      "train_metrics": {
        "accuracy": 0.963,
        "balanced_accuracy": 0.9602624760617325,
        "f1_score": 0.9628653107571051,
        "precision": 0.9648689209214604,
        "recall": 0.963,
        "acc_class_0": 0.9242424242424242,
        "acc_class_1": 0.9962825278810409,
        "log_loss": 0.2728437567912954,
        "auc_roc": 0.9986119828127263,
        "confusion_matrix": [
          [
            427,
            35
          ],
          [
            2,
            536
          ]
        ]
      },
      "test_metrics": {
        "accuracy": 0.916,
        "balanced_accuracy": 0.9068808229813665,
        "f1_score": 0.9147666836285107,
        "precision": 0.9253961389961389,
        "recall": 0.916,
        "acc_class_0": 0.8191964285714286,
        "acc_class_1": 0.9945652173913043,
        "log_loss": 0.32977615941576166,
        "auc_roc": 0.9951758216873706,
        "confusion_matrix": [
          [
            367,
            81
          ],
          [
            3,
            549
          ]
        ]
      },
      "cost_history": [
        0.688138879796425,
        0.515226955742915,
        0.4371333754512504,
        0.3619173982467877,
        0.32514411740879573,
        0.29718384983448587,
        0.30756475258502686
      ],
      "n_gates": 7,
      "circuit_depth": 7,
      "n_parameters": 7,
      "total_measurements": 110180
    },
    "Fixed_QNN_COBYLA": {
      "method": "Fixed_QNN_COBYLA",
      "training_time": 30.348094701766968,
      "train_metrics": {
        "accuracy": 0.462,
        "balanced_accuracy": 0.5,
        "f1_score": 0.2919890560875513,
        "precision": 0.21344400000000002,
        "recall": 0.462,
        "acc_class_0": 1.0,
        "acc_class_1": 0.0,
        "log_loss": 3.344865082829952,
        "auc_roc": 0.8589855002494406,
        "confusion_matrix": [
          [
            462,
            0
          ],
          [
            538,
            0
          ]
        ]
      },
      "test_metrics": {
        "accuracy": 0.448,
        "balanced_accuracy": 0.5,
        "f1_score": 0.27721546961325966,
        "precision": 0.20070400000000002,
        "recall": 0.448,
        "acc_class_0": 1.0,
        "acc_class_1": 0.0,
        "log_loss": 3.2639069245932153,
        "auc_roc": 0.9285026850414079,
        "confusion_matrix": [
          [
            448,
            0
          ],
          [
            552,
            0
          ]
        ]
      },
      "cost_history": [
        4.122671966086341,
        3.6551103486670287,
        4.466536892832317,
        3.6922423982301655,
        4.135505761951548,
        3.8303098445611123,
        3.647593263166282,
        3.865630013031481,
        3.8423663746822676,
        4.05718033782317,
        3.746907795306222,
        3.73638374684504,
        3.8714184633056936,
        3.6520323861385684,
        4.088885503354444,
        3.4610150430781204,
        3.5129605952673306,
        3.955673836748677,
        3.9646428363085215,
        3.732571022579141,
        3.949447263697266,
        3.5800503084468778,
        3.3180757803014806,
        4.162892404431928,
        3.4048263621293846,
        3.4758897710062264,
        3.4055115368725017,
        3.110733382222746,
        3.132083627126338,
        3.6049039706732096,
        3.1531173605855303,
        3.3532542638285348,
        3.0113415482911097,
        3.5619965052093336,
        3.4647232494652385,
        3.072461618313363,
        3.260422959575509,
        3.2902605619336196,
        3.5610964772863447,
        3.2810309240548383,
        3.2244817567032853,
        3.067436370912931,
        3.3631580787054753,
        3.3307359776808125,
        3.0123070766520312,
        3.1935365596799636,
        3.374356255401453,
        2.970019982019567,
        3.371581902477507,
        3.5814247688179286
      ],
      "n_gates": 26,
      "circuit_depth": 26,
      "n_parameters": 40,
      "total_measurements": 12000
    }
  }
}