{
  "dataset_info": {
    "n_train": 1000,
    "n_test": 1000,
    "n_features": 10,
    "n_qubits": 10,
    "class_distribution_train": {
      "0": 462,
      "1": 538
    }
  },
  "methods": {
    "ARC_QNN": {
      "method": "ARC_QNN",
      "training_time": 294.4489097595215,
      "train_metrics": {
        "accuracy": 0.96,
        "balanced_accuracy": 0.9570157228149794,
        "f1_score": 0.9598366712035776,
        "precision": 0.962214261176817,
        "recall": 0.96,
        "acc_class_0": 0.9177489177489178,
        "acc_class_1": 0.9962825278810409,
        "log_loss": 0.12694415460877714,
        "auc_roc": 0.9992275382609955,
        "confusion_matrix": [
          [
            424,
            38
          ],
          [
            2,
            536
          ]
        ]
      },
      "test_metrics": {
        "accuracy": 0.929,
        "balanced_accuracy": 0.921389751552795,
        "f1_score": 0.928197134354293,
        "precision": 0.9356545569186369,
        "recall": 0.929,
        "acc_class_0": 0.8482142857142857,
        "acc_class_1": 0.9945652173913043,
        "log_loss": 0.17230550663178296,
        "auc_roc": 0.9984067675983437,
        "confusion_matrix": [
          [
            380,
            68
          ],
          [
            3,
            549
          ]
        ]
      },
      "cost_history": [
        0.688138879796425,
        0.515226955742915,
        0.4371333754512504,
        0.3619173982467877,
        0.32514411740879573,
        0.29718384983448587,
        0.30756475258502686,
        0.23759041412793866,
        0.19028262070864393,
        0.14357284719380567,
        0.12836252558109879,
        0.18811783571185015,
        0.15112134792334234,
        0.1055130188376361
      ],
      "n_gates": 14,
      "circuit_depth": 14,
      "n_parameters": 14,
      "total_measurements": 254180
    },
    "Fixed_QNN_COBYLA": {
      "method": "Fixed_QNN_COBYLA",
      "training_time": 101.92695045471191,
      "train_metrics": {
        "accuracy": 0.462,
        "balanced_accuracy": 0.5,
        "f1_score": 0.2919890560875513,
        "precision": 0.21344400000000002,
        "recall": 0.462,
        "acc_class_0": 1.0,
        "acc_class_1": 0.0,
        "log_loss": 3.1232214996554504,
        "auc_roc": 0.856527301694588,
        "confusion_matrix": [
          [
            462,
            0
          ],
          [
            538,
            0
          ]
        ]
      },
      "test_metrics": {
        "accuracy": 0.448,
        "balanced_accuracy": 0.5,
        "f1_score": 0.27721546961325966,
        "precision": 0.20070400000000002,
        "recall": 0.448,
        "acc_class_0": 1.0,
        "acc_class_1": 0.0,
        "log_loss": 3.1171700711653583,
        "auc_roc": 0.7853907867494825,
        "confusion_matrix": [
          [
            448,
            0
          ],
          [
            552,
            0
          ]
        ]
      },
      "cost_history": [
        5.543777616511498,
        5.847426820256288,
        5.559526585189485,
        6.197053429690653,
        4.691402136359168,
        4.837795483325222,
        5.115650721940681,
        4.427056788166488,
        4.743664443073255,
        4.736268247862089,
        5.04940447012017,
        4.712418077024372,
        4.972122337255981,
        4.440442973406715,
        4.887948114541376,
        5.016294696507966,
        4.705287147022382,
        5.356906269108045,
        4.9270535406212375,
        4.264115078761469,
        3.9757715315318403,
        4.852696580753889,
        4.002443178466786,
        5.816621339870838,
        5.276274105865132,
        4.622457470502223,
        4.98124207624038,
        4.535094728603993,
        4.6084047808156114,
        4.72823174980869,
        4.710072268654959,
        4.18907066397063,
        4.71514452562181,
        4.350853434687513,
        4.38949239440363,
        4.775813191624475,
        3.9507433113007453,
        3.778051696469181,
        4.426205237249309,
        3.7067638722475516,
        4.359253466970951,
        4.757113587027295,
        4.024088118125396,
        4.06718234816643,
        3.9675362028589514,
        4.0299533291064655,
        4.606357250464969,
        4.155670161140736,
        4.554538712299441,
        4.235339787994051,
        3.9283360175635607,
        4.466594409117119,
        4.259716991666337,
        4.172299624518197,
        4.277051911430699,
        4.6227583331607125,
        4.104946852780312,
        4.268545887745125,
        4.810571373013003,
        4.029864372849462,
        3.8739326490136126,
        3.2566704284506445,
        3.3905787729465753,
        3.488698398021949,
        3.3600484660150354,
        3.54413413836632,
        2.9295604315860198,
        2.712745272449257,
        3.353681170518783,
        3.25196943487469,
        2.7333083433942114,
        2.798774529736328,
        3.062472136980497,
        3.323930745071548,
        3.1634509966165956,
        3.2452117943152565,
        2.7265748000060057,
        2.7466971096208512,
        3.247482944946836,
        3.2936168524194778,
        2.9599046761202708,
        3.26741192663874,
        2.876714184309498,
        3.043076380179224,
        3.3607102884139044,
        2.90620143242763,
        2.9175818033570042,
        3.2383236696382984,
        3.2232513963362077,
        3.224255610557898,
        3.0631430626725518,
        3.215038853527977,
        2.8480206487798103,
        3.115625746880943,
        2.8022379578570233,
        3.2479060992931714,
        3.310992989068574,
        2.9410236096777918,
        2.9385661129570777,
        2.7552006219189757
      ],
      "n_gates": 38,
      "circuit_depth": 38,
      "n_parameters": 60,
      "total_measurements": 22000
    }
  }
}