{
  "dataset_info": {
    "n_train": 160,
    "n_test": 40,
    "n_features": 4,
    "n_qubits": 4,
    "class_distribution_train": {
      "0": 80,
      "1": 80
    }
  },
  "methods": {
    "ARC_QNN": {
      "method": "ARC_QNN",
      "training_time": 119.28693580627441,
      "train_metrics": {
        "accuracy": 0.825,
        "balanced_accuracy": 0.825,
        "f1_score": 0.8247535596933186,
        "precision": 0.8268384663733499,
        "recall": 0.825,
        "acc_class_0": 0.8625,
        "acc_class_1": 0.7875,
        "log_loss": 0.35852837318239095,
        "auc_roc": 0.92796875,
        "confusion_matrix": [
          [
            69,
            11
          ],
          [
            17,
            63
          ]
        ]
      },
      "test_metrics": {
        "accuracy": 0.725,
        "balanced_accuracy": 0.725,
        "f1_score": 0.7248280175109443,
        "precision": 0.7255639097744361,
        "recall": 0.725,
        "acc_class_0": 0.75,
        "acc_class_1": 0.7,
        "log_loss": 0.3959519931657255,
        "auc_roc": 0.895,
        "confusion_matrix": [
          [
            15,
            5
          ],
          [
            6,
            14
          ]
        ]
      },
      "cost_history": [
        0.3304478948965925,
        0.32100362537152116
      ],
      "n_gates": 2,
      "circuit_depth": 2,
      "n_parameters": 2,
      "total_measurements": 92648
    },
    "Fixed_QNN_COBYLA": {
      "method": "Fixed_QNN_COBYLA",
      "training_time": 20.03771162033081,
      "train_metrics": {
        "accuracy": 0.53125,
        "balanced_accuracy": 0.53125,
        "f1_score": 0.3992490613266583,
        "precision": 0.7580645161290323,
        "recall": 0.53125,
        "acc_class_0": 1.0,
        "acc_class_1": 0.0625,
        "log_loss": 0.5580637772241875,
        "auc_roc": 0.9296875,
        "confusion_matrix": [
          [
            80,
            0
          ],
          [
            75,
            5
          ]
        ]
      },
      "test_metrics": {
        "accuracy": 0.525,
        "balanced_accuracy": 0.525,
        "f1_score": 0.38660209846650523,
        "precision": 0.7564102564102564,
        "recall": 0.525,
        "acc_class_0": 1.0,
        "acc_class_1": 0.05,
        "log_loss": 0.5477910390079257,
        "auc_roc": 0.9325,
        "confusion_matrix": [
          [
            20,
            0
          ],
          [
            19,
            1
          ]
        ]
      },
      "cost_history": [
        2.1865653005509698,
        2.3256015205280987,
        2.3784496826048955,
        2.667125255287301,
        2.1709595030581665,
        2.207683336992832,
        2.2796323911324823,
        2.0922470549157643,
        1.9065793501673372,
        2.141341659718828,
        1.7501821219194014,
        1.4071561569183877,
        1.381954339039591,
        1.2528302530226143,
        1.1682672084304784,
        1.1772534187054198,
        1.2007933087683127,
        1.0578959079455879,
        0.9149369214115332,
        0.9181968472235095,
        0.9629246156804587,
        0.9149369214115328,
        0.914936921411533,
        0.9149369214115332,
        0.914936921411533,
        0.7745074569816927,
        0.777237397884104,
        0.7730183387014602,
        0.7648519848191894,
        0.7259992488713345,
        0.7319231230960608,
        0.7494331933134067,
        0.7342900270810393,
        0.7505634354155983,
        0.7765390392339973,
        0.7200574367569996,
        0.7602618557476835,
        0.7460857531257605,
        0.7242045116844877,
        0.7231805231723205,
        0.6518779528681458,
        0.6653263044619282,
        0.6567699150387745,
        0.6725511818062375,
        0.6392951377464572,
        0.6172526696615508,
        0.6424158449229239,
        0.6290851214277429,
        0.5892476280346602,
        0.5896179438183429,
        0.603410627119894,
        0.6274705032188427,
        0.5881958801879505,
        0.5926577178244068,
        0.6019486189505788,
        0.5907946928571948,
        0.5922029934914848,
        0.5781306021932127,
        0.5896180793575417,
        0.5880231208264621,
        0.5961718984700294,
        0.5825906648811784,
        0.5910322953493886,
        0.5813858705270024,
        0.6108043022125031,
        0.5874035635683166,
        0.5905120131621151,
        0.5852049061033597,
        0.605906731730207,
        0.5804128929606402,
        0.600982373434191,
        0.591577975569052,
        0.5794551489605085,
        0.5870020456963698,
        0.5765240914632581,
        0.5760247184800914,
        0.5759049566414361,
        0.576327626453447,
        0.5747131057457521,
        0.57622707834156,
        0.5747875787818036,
        0.5756980151444931,
        0.5735644328205074,
        0.5709113615095329,
        0.5686901522864926,
        0.5687114781690074,
        0.5684563461527203,
        0.5675234883192277,
        0.5668179428140802,
        0.5660104873746092,
        0.563495199582156,
        0.5629104917858893,
        0.5618130705510267,
        0.5613224638993002,
        0.5608862715403319,
        0.5605000059469016,
        0.560533586609831,
        0.5612311014836185,
        0.5593137353815054,
        0.5580637772241875
      ],
      "n_gates": 20,
      "circuit_depth": 20,
      "n_parameters": 24,
      "total_measurements": 16200
    }
  },
  "hardware_results": {
    "backend": "auto",
    "shots": 4096,
    "results": {
      "ARC_QNN": {
        "accuracy": 0.725,
        "balanced_accuracy": 0.725,
        "accuracy_optimal_threshold": 0.825,
        "balanced_accuracy_optimal": 0.825,
        "acc_class_0": 0.75,
        "acc_class_1": 0.9,
        "optimal_threshold": 0.4591644370800655,
        "log_loss": 0.3959519931657255,
        "probabilities": [
          2.6308919918369317e-05,
          0.3318080414769152,
          0.15307717108268606,
          0.49975926995697756,
          0.12455094574714712,
          0.7126904756322543,
          0.7380995661689345,
          0.850196721182158,
          0.925693961654275,
          0.00130923101219096,
          0.48348868693895214,
          0.47196307377656566,
          0.2792163204016425,
          0.9431720895846443,
          0.7004840791880599,
          0.25289472591857015,
          0.8248409302562637,
          0.02111088975782456,
          0.5003933530186417,
          0.8104871025886088,
          0.29295583726710106,
          0.9222418764912198,
          0.9163913026423179,
          0.9002562951463744,
          0.4591644370800655,
          0.5146509699944966,
          0.9883305064796837,
          0.026815323686690266,
          0.925506753108151,
          0.23194835830693233,
          0.7212434215201605,
          0.022982228694776945,
          0.511170665993729,
          0.06291215625940652,
          0.006819229930954795,
          0.12723170070080697,
          0.4283454044086095,
          0.5991062411303494,
          0.841552196352628,
          0.23752347752874645
        ],
        "predictions": [
          0,
          0,
          0,
          0,
          0,
          1,
          1,
          1,
          1,
          0,
          0,
          0,
          0,
          1,
          1,
          0,
          1,
          0,
          1,
          1,
          0,
          1,
          1,
          1,
          0,
          1,
          1,
          0,
          1,
          0,
          1,
          0,
          1,
          0,
          0,
          0,
          0,
          1,
          1,
          0
        ],