{
  "dataset_info": {
    "n_train": 1000,
    "n_test": 200,
    "n_features": 5,
    "n_qubits": 5,
    "class_distribution_train": {
      "0": 514,
      "1": 486
    }
  },
  "methods": {
    "ARC_QNN": {
      "method": "ARC_QNN",
      "training_time": 60.563344955444336,
      "train_metrics": {
        "accuracy": 0.808,
        "balanced_accuracy": 0.8119966053385854,
        "f1_score": 0.8045402597402598,
        "precision": 0.8387883677233628,
        "recall": 0.808,
        "acc_class_0": 0.669260700389105,
        "acc_class_1": 0.9547325102880658,
        "log_loss": 0.4637663506645025,
        "auc_roc": 0.9072833101151302,
        "confusion_matrix": [
          [
            344,
            170
          ],
          [
            22,
            464
          ]
        ]
      },
      "test_metrics": {
        "accuracy": 0.78,
        "balanced_accuracy": 0.7984613827310456,
        "f1_score": 0.7766344605475041,
        "precision": 0.833530363499083,
        "recall": 0.78,
        "acc_class_0": 0.6306306306306306,
        "acc_class_1": 0.9662921348314607,
        "log_loss": 0.5029648259815889,
        "auc_roc": 0.8678003846543172,
        "confusion_matrix": [
          [
            70,
            41
          ],
          [
            3,
            86
          ]
        ]
      },
      "cost_history": [
        0.6913500074595831,
        0.6892005220359705,
        0.6809232700604947,
        0.6619108758891349,
        0.6339253105082042,
        0.5929353042992106,
        0.5296350740033285,
        0.5196463833593167,
        0.5805749978325698,
        0.5432035393997214,
        0.5143001786005501,
        0.45642526182197096,
        0.4610856462951836,
        0.4607224043950863,
        0.453380329409037
      ],
      "n_gates": 15,
      "circuit_depth": 9,
      "n_parameters": 15,
      "total_measurements": 127290
    },
    "Fixed_QNN_COBYLA": {
      "method": "Fixed_QNN_COBYLA",
      "training_time": 34.748417139053345,
      "train_metrics": {
        "accuracy": 0.514,
        "balanced_accuracy": 0.5,
        "f1_score": 0.349003963011889,
        "precision": 0.26419600000000004,
        "recall": 0.514,
        "acc_class_0": 1.0,
        "acc_class_1": 0.0,
        "log_loss": 1.2983107441556527,
        "auc_roc": 0.43859185601511586,
        "confusion_matrix": [
          [
            514,
            0
          ],
          [
            486,
            0
          ]
        ]
      },
      "test_metrics": {
        "accuracy": 0.555,
        "balanced_accuracy": 0.5,
        "f1_score": 0.3961736334405145,
        "precision": 0.308025,
        "recall": 0.555,
        "acc_class_0": 1.0,
        "acc_class_1": 0.0,
        "log_loss": 1.1690392238090466,
        "auc_roc": 0.5045045045045045,
        "confusion_matrix": [
          [
            111,
            0
          ],
          [
            89,
            0
          ]
        ]
      },
      "cost_history": [
        2.208125545566798,
        2.495419688804397,
        2.011924822651777,
        2.0628459188153716,
        2.270354332526506,
        2.0297922090760756,
        1.8060117752975409,
        1.8495649638200882,
        2.0438156164308423,
        2.124967284121255,
        1.9270283250026252,
        1.758909365932764,
        1.7355777354849207,
        1.6955079178373138,
        1.2862055865040487,
        1.1770223302039966,
        1.2917951823812153,
        1.457272457281791,
        1.4003218754448021,
        1.2652451643991425,
        1.3115640357935587,
        1.2806357995768607,
        1.2835805884698077,
        1.2941784010653954,
        1.3098121623374874,
        1.2786251403557827,
        1.3919619749988685,
        1.2481357222481118,
        1.4386999874064914,
        1.3071719075962118,
        1.4025833728560735,
        1.304443590946364,
        1.3843400982952616,
        1.3368215594084978,
        1.3462888747767179,
        1.2929937976063324,
        1.1992242940587607,
        1.281116279096832,
        1.264239545012369,
        1.3690462617925057,
        1.3335374107389748,
        1.3154828938357594,
        1.2291318953078134,
        1.369023335788026,
        1.3794703999428992,
        1.4169707367262476,
        1.3008848334448857,
        1.1264279923520932,
        1.2758404690169622,
        1.320537590685403,
        1.3995116779738372,
        1.2392202209083651,
        1.2595507650335147,
        1.3096554551218924,
        1.3687377509049043,
        1.2318224226802483,
        1.3771498426475701,
        1.1902246554374696,
        1.2394698656099115,
        1.5248477626642343,
        1.2713251210997008,
        1.4641018318665073,
        1.392240376845367,
        1.2785132860147768,
        1.312033326847461,
        1.3504233383505762,
        1.2788038827345678,
        1.217127589908593,
        1.265673857514395,
        1.2657599716091976,
        1.3584615930191242,
        1.3176474587779778,
        1.3757674405155362,
        1.326263970955646,
        1.2103462574571255,
        1.4385753150534486,
        1.3300484139934028,
        1.383971421530749,
        1.26363801158129,
        1.2776359563395072,
        1.215019061888779,
        1.177433457685869,
        1.3386763766120082,
        1.4084743538483098,
        1.3485838399194798,
        1.415327022891221,
        1.333992725200303,
        1.2002302152079969,
        1.3012144040085927,
        1.2401911041389422,
        1.2508501860988164,
        1.1601019705955111,
        1.357884442069119,
        1.313058767001549,
        1.3352805723541088,
        1.2857901516282881,
        1.1449987893973526,
        1.3188787781219742,
        1.2406471027701707,
        1.2647506598654676
      ],
      "n_gates": 23,
      "circuit_depth": 23,
      "n_parameters": 30,
      "total_measurements": 21200
    }
  }
}