{
  "dataset_info": {
    "n_train": 1000,
    "n_test": 1000,
    "n_features": 11,
    "n_qubits": 11,
    "class_distribution_train": {
      "0": 500,
      "1": 500
    }
  },
  "methods": {
    "ARC_QNN": {
      "method": "ARC_QNN",
      "training_time": 25.159078121185303,
      "train_metrics": {
        "accuracy": 0.65,
        "balanced_accuracy": 0.65,
        "f1_score": 0.6470123122105501,
        "precision": 0.655256359300477,
        "recall": 0.65,
        "acc_class_0": 0.742,
        "acc_class_1": 0.558,
        "log_loss": 0.684430519069361,
        "auc_roc": 0.696736,
        "confusion_matrix": [
          [
            371,
            129
          ],
          [
            221,
            279
          ]
        ]
      },
      "test_metrics": {
        "accuracy": 0.633,
        "balanced_accuracy": 0.6297088218335576,
        "f1_score": 0.6288290669539462,
        "precision": 0.6353769382647736,
        "recall": 0.633,
        "acc_class_0": 0.7325581395348837,
        "acc_class_1": 0.5268595041322314,
        "log_loss": 0.6965616806249261,
        "auc_roc": 0.6846450765583958,
        "confusion_matrix": [
          [
            378,
            138
          ],
          [
            229,
            255
          ]
        ]
      },
      "cost_history": [
        0.5867229736178213,
        0.5638716047461534
      ],
      "n_gates": 2,
      "circuit_depth": 1,
      "n_parameters": 2,
      "total_measurements": 61598
    },
    "Fixed_QNN_COBYLA": {
      "method": "Fixed_QNN_COBYLA",
      "training_time": 94.62978076934814,
      "train_metrics": {
        "accuracy": 0.5,
        "balanced_accuracy": 0.5,
        "f1_score": 0.3333333333333333,
        "precision": 0.25,
        "recall": 0.5,
        "acc_class_0": 1.0,
        "acc_class_1": 0.0,
        "log_loss": 4.640598967857752,
        "auc_roc": 0.581968,
        "confusion_matrix": [
          [
            500,
            0
          ],
          [
            500,
            0
          ]
        ]
      },
      "test_metrics": {
        "accuracy": 0.516,
        "balanced_accuracy": 0.5,
        "f1_score": 0.35126121372031666,
        "precision": 0.26625600000000005,
        "recall": 0.516,
        "acc_class_0": 1.0,
        "acc_class_1": 0.0,
        "log_loss": 4.433324993378584,
        "auc_roc": 0.5940242808636044,
        "confusion_matrix": [
          [
            516,
            0
          ],
          [
            484,
            0
          ]
        ]
      },
      "cost_history": [
        4.671647290198019,
        4.714742636442926,
        4.074590402528947,
        4.44628716624955,
        4.842324536297945,
        4.907279847687078,
        5.359292874937496,
        4.487682431657999,
        5.019840059710674,
        4.533796736403388,
        4.289895738800305,
        4.206095681537888,
        4.940134702321965,
        4.922760128571215,
        5.016420282741864,
        4.981377800174016,
        4.48911684573067,
        5.1674853844370885,
        4.740985963180237,
        5.175540590080764,
        4.892156968895229,
        5.052266945350566,
        5.122880975051085,
        4.851950069202077,
        3.7901308205239577,
        4.752174610217853,
        4.568299839397843,
        4.500323043052775,
        4.725059070249432,
        4.700860964061345,
        4.628892481984569,
        4.444539226119719,
        4.632121274525175,
        5.05207871873803,
        5.007071396358458,
        4.055303609965649,
        4.53997948508788,
        4.006918303505495,
        4.193585212360656,
        5.082965670329422,
        4.726481163299173,
        4.810599544538857,
        5.278540184037514,
        4.108938143688512,
        5.352785900387881,
        4.720542348312367,
        5.229240945580755,
        4.1916608101161215,
        4.563598987480484,
        4.950071717775184,
        4.256283460744105,
        4.518773944992996,
        4.784901804484443,
        4.299464654536121,
        4.328920391145172,
        4.456269249113085,
        4.6575648342613105,
        4.530006307438115,
        4.50080481217019,
        4.720802156484939,
        4.293318615144071,
        4.174427727336635,
        4.44536464614245,
        4.898425329894459,
        5.438873421351267,
        4.874948952228333,
        5.609296847447142,
        4.630941310295407,
        4.8851980000274144,
        4.839963452489057,
        3.8443906004851454,
        4.564955399427274,
        4.346084307070231,
        4.802702606519343,
        4.972340356094234,
        4.736173801176745,
        4.773966837750898,
        4.931118264782722,
        3.837577701995043,
        4.951310117071389,
        5.016069195289955,
        4.562707811886615,
        4.907142695177497,
        4.528765198573033,
        4.03446099623955,
        4.90668850057483,
        4.799046654626397,
        4.630530555396328,
        4.241494717702724,
        4.972894042768102,
        4.4798956109065955,
        4.3002704794654765,
        4.635164969664868,
        5.179447810078069,
        4.458209022127278,
        5.0182476892878904,
        4.714354885132943,
        4.960245647840727,
        4.363387615925188,
        4.589679713557805
      ],
      "n_gates": 41,
      "circuit_depth": 41,
      "n_parameters": 66,
      "total_measurements": 22000
    }
  }
}